instruction,response,output,prompt,history,summary,Segment,WC,Analytic,Clout,Authentic,Tone,WPS,BigWords,Dic,Linguistic,function,pronoun,ppron,i,we,you,shehe,they,ipron,det,article,number,prep,auxverb,adverb,conj,negate,verb,adj,quantity,Drives,affiliation,achieve,power,Cognition,allnone,cogproc,insight,cause,discrep,tentat,certitude,differ,memory,Affect,tone_pos,tone_neg,emotion,emo_pos,emo_neg,emo_anx,emo_anger,emo_sad,swear,Social,socbehav,prosocial,polite,conflict,moral,comm,socrefs,family,friend,female,male,Culture,politic,ethnicity,tech,Lifestyle,leisure,home,work,money,relig,Physical,health,illness,wellness,mental,substances,sexual,food,death,need,want,acquire,lack,fulfill,fatigue,reward,risk,curiosity,allure,Perception,attention,motion,space,visual,auditory,feeling,time,focuspast,focuspresent,focusfuture,Conversation,netspeak,assent,nonflu,filler,AllPunc,Period,Comma,QMark,Exclam,Apostro,OtherP,Emoji
Both myself and the driver have both left the scene. I can provide contact information if they still want to speak with me. And yes they fled on foot.,"All right. I'll pass that on. User, may I have your name please?",It's entirely up to you on disclosing your contact information. [ACRONYM]/U[ACRONYM] officers are checking the area currently. Did you happen to get any clothing description on any of them?,"A chat between an individual reporting a safety concern to the local police department and a dispatcher from the police department. The dispatcher gives helpful and detailed guidance and instructions on how to proceed. The dispatcher is also supposed to give necessary emotional support to the citizen.
A user reports an attempted car jacking by a group of males in a specific location. The admin asks if the user was in the victim's vehicle and if they can speak with responding officers. The admin also mentions that the organization has been notified and they will check the area. The user clarifies that they were a witness and not in the vehicle, but can provide contact information if needed. The admin asks for a clothing description of the suspects and the user provides some details. The user decides not to disclose their contact information. The admin thanks the user for the information and wishes them a safe night. 
 User: Attempted car jacking on Mynders and Brister by the Nine. # [NORP] males fled the scene after driver pulled one of them out of the car. The four of them fled down brister after the incident
Dispatcher: Hey there. Were you in the victim's vehicle? If so, would you be available to speak with the responding officers? 
 User: [ORG] has been notified and we're going to check the area as well.
Dispatcher: No I was not it was a dominos delivery driver I just witnessed the incident 
 User: All right. Would you be available to speak with the officers? If so, may I have your name and/or a good contact number for you? They should be arriving momentarily.
Dispatcher: Did they flee on foot? 
 User: Both myself and the driver have both left the scene. I can provide contact information if they still want to speak with me. And yes they fled on foot.
Dispatcher:","[['Attempted car jacking on Mynders and Brister by the Nine. # [NORP] males fled the scene after driver pulled one of them out of the car. The four of them fled down brister after the incident', ""Hey there. Were you in the victim's vehicle? If so, would you be available to speak with the responding officers?""], [""[ORG] has been notified and we're going to check the area as well."", 'No I was not it was a dominos delivery driver I just witnessed the incident'], ['All right. Would you be available to speak with the officers? If so, may I have your name and/or a good contact number for you? They should be arriving momentarily.', 'Did they flee on foot?']]","A user reports an attempted car jacking by a group of males in a specific location. The admin asks if the user was in the victim's vehicle and if they can speak with responding officers. The admin also mentions that the organization has been notified and they will check the area. The user clarifies that they were a witness and not in the vehicle, but can provide contact information if needed. The admin asks for a clothing description of the suspects and the user provides some details. The user decides not to disclose their contact information. The admin thanks the user for the information and wishes them a safe night.",1,13,1.3,81.78,81.58,,4.33,0,92.31,69.23,61.54,30.77,23.08,15.38,0,7.69,0,0,7.69,23.08,0,0,7.69,23.08,0,0,0,30.77,0,7.69,0,0,0,0,15.38,7.69,7.69,0,0,0,7.69,0,0,0,0,0,0,0,0,0,0,0,0,0,23.08,7.69,7.69,7.69,0,0,0,15.38,0,0,0,0,0,0,0,0,0,0,0,0,0,0,0,0,0,0,0,0,0,0,0,0,0,0,0,0,0,0,0,0,30.77,7.69,0,7.69,0,0,0,0,0,0,0,15.38,0,0,0,0,0,38.46,15.38,7.69,7.69,0,7.69,0,0
Si lo tienen?,"[ORG], espera un momento.",Están revisando,"A chat between an individual reporting a safety concern to the local police department and a dispatcher from the police department. The dispatcher gives helpful and detailed guidance and instructions on how to proceed. The dispatcher is also supposed to give necessary emotional support to the citizen.

A user reports to an admin that they left their charger at a location and asks if it can be retrieved. The admin responds that all lost items are handled by security and will be informed to check the location. The user asks if the admin has their address and the admin says it will be given to the officer on site. The user asks if the admin can confirm if the charger has been found and the admin says they are still checking. The admin informs that no charger was found in the specified area. 
 User: Todo objeto que sea reportado al área de Seguridad en unidades de prepas, pasa [PERSON].
Dispatcher: Y ya tiene mi cargador dirección? 
 User: Se informará al Oficial que revise en el sitio.
Dispatcher: Osea lo que quería es que lo tenga ya dirección 
 User: [ORG]
Dispatcher: Saludos! 
 User: Me podría informar si lo obtiene?
Dispatcher:?? 
 User: En un momento.
Dispatcher: [ORG] 
 User: Si lo tienen?
Dispatcher:","[['Todo objeto que sea reportado al área de Seguridad en unidades de prepas, pasa [PERSON].', 'Y ya tiene mi cargador dirección?'], ['Se informará al Oficial que revise en el sitio.', 'Osea lo que quería es que lo tenga ya dirección'], ['[ORG]', 'Saludos!'], ['Me podría informar si lo obtiene?', '??'], ['En un momento.', '[ORG]']]",A user reports to an admin that they left their charger at a location and asks if it can be retrieved. The admin responds that all lost items are handled by security and will be informed to check the location. The user asks if the admin has their address and the admin says it will be given to the officer on site. The user asks if the admin can confirm if the charger has been found and the admin says they are still checking. The admin informs that no charger was found in the specified area.,1,4,,,89.39,,4,25,50,0,0,0,0,0,0,0,0,0,0,0,0,0,0,0,0,0,0,0,0,0,0,0,0,0,0,0,0,0,0,0,0,0,0,0,0,0,0,0,0,0,0,0,0,0,0,0,0,0,0,0,0,0,0,0,0,0,0,0,0,0,25,0,0,25,0,0,0,0,0,0,0,0,0,0,0,0,0,0,0,0,0,0,0,0,0,0,0,0,0,0,0,0,25,0,0,0,0,0,0,0,0,100,25,25,0,0,0,50,0
Found at [FAC] first floor ladies room floor,[ACRONYM] [ACRONYM] [ACRONYM] [ACRONYM] [ACRONYM] GIVE [ACRONYM] NUMBER [ACRONYM] [ACRONYM] [ACRONYM],"Hello, are they still in the ladies room?","A chat between an individual reporting a safety concern to the local police department and a dispatcher from the police department. The dispatcher gives helpful and detailed guidance and instructions on how to proceed. The dispatcher is also supposed to give necessary emotional support to the citizen.
A user found something on the first floor of a facility and informs the admin that they have it. The admin asks if the item is still in the ladies room and the user confirms they have it and can take it to their office in a specific location. The user is unsure of the best way to return the item to its owner. The admin suggests meeting at the user's office and asks how long it will take for the user to get there. The user is already at their office and the admin says they will send someone as soon as possible. The admin thanks the user for using LiveSafe and wishes them a nice day. 
 User: Found at [FAC] first floor ladies room floor
Dispatcher:",[],A user found something on the first floor of a facility and informs the admin that they have it. The admin asks if the item is still in the ladies room and the user confirms they have it and can take it to their office in a specific location. The user is unsure of the best way to return the item to its owner. The admin suggests meeting at the user's office and asks how long it will take for the user to get there. The user is already at their office and the admin says they will send someone as soon as possible. The admin thanks the user for using LiveSafe and wishes them a nice day.,1,11,,,,,11,81.82,18.18,18.18,0,0,0,0,0,0,0,0,0,0,0,0,0,0,0,0,0,9.09,0,9.09,0,0,0,0,0,0,0,0,0,0,0,0,0,0,0,0,0,0,0,0,0,0,0,0,9.09,9.09,0,0,0,0,0,0,0,0,0,0,0,0,0,0,0,0,0,0,0,0,0,0,0,0,0,0,0,0,0,0,0,0,0,0,0,0,0,0,9.09,0,0,0,0,0,0,0,0,0,9.09,0,0,0,0,0,0,163.64,0,0,0,0,0,163.64,0
Sure. [PERSON]?,Who was it that you didn't see lose,Who was the victim? are you in sawyer now?,"A chat between an individual reporting a safety concern to the local police department and a dispatcher from the police department. The dispatcher gives helpful and detailed guidance and instructions on how to proceed. The dispatcher is also supposed to give necessary emotional support to the citizen.
A user reports to an admin that a man outside [LOC] in a blue bucket hat has just robbed a student. The admin asks for a description of the male, if any weapons were shown, and what was taken. The user describes the man as tall with a blue hat and navy backpack, heading towards [LOC] from the common. The admin asks for more information and if the student is still there. The user informs that the student fled and they have lost sight of the man. The admin asks what was taken and if the man had a weapon. They also ask the user to meet with officers outside of [LOC] and for the race of the male. The user states they did not see any weapons and that [PERSON] was handed over. They clarify that they were not involved in the incident and apologize for not having more information. The admin asks the user to meet with them and the user agrees. The admin asks for the victim's name and if the user is currently in [LOC]. The user confirms they are by [PERSON] and recognizes them as a [ORG] student. The admin instructs the user to wait in the [PERSON] lobby and asks for their name. The user identifies themselves and informs that they are in the lobby. The admin informs that an officer will meet them and thanks them for their help. 
 User: Which direction did the male go?
Dispatcher: Tall. Blue hat navy backpack. Heading towards ### from the common. Looked like he was heading up towards ## 
 User: Could you please help us by giving us more information? is the student still there
Dispatcher: Student fled. I've lost sight of the man 
 User: Please let us know what he took
Dispatcher: Did he have a weapon? 
 User: Could you please meet with Officers outside of ###? What is was the race of the male?
Dispatcher: I didn't see any weapons. [PERSON] was handed over 
 User: I wasn't in incident. This is all the information I have. I'm sorry
Dispatcher: Could you please meet with us? 
 User: Sure. [PERSON]?
Dispatcher:","[['Which direction did the male go?', 'Tall. Blue hat navy backpack. Heading towards ### from the common. Looked like he was heading up towards ##'], ['Could you please help us by giving us more information? is the student still there', ""Student fled. I've lost sight of the man""], ['Please let us know what he took', 'Did he have a weapon?'], ['Could you please meet with Officers outside of ###? What is was the race of the male?', ""I didn't see any weapons. [PERSON] was handed over""], [""I wasn't in incident. This is all the information I have. I'm sorry"", 'Could you please meet with us?']]","A user reports to an admin that a man outside [LOC] in a blue bucket hat has just robbed a student. The admin asks for a description of the male, if any weapons were shown, and what was taken. The user describes the man as tall with a blue hat and navy backpack, heading towards [LOC] from the common. The admin asks for more information and if the student is still there. The user informs that the student fled and they have lost sight of the man. The admin asks what was taken and if the man had a weapon. They also ask the user to meet with officers outside of [LOC] and for the race of the male. The user states they did not see any weapons and that [PERSON] was handed over. They clarify that they were not involved in the incident and apologize for not having more information. The admin asks the user to meet with them and the user agrees. The admin asks for the victim's name and if the user is currently in [LOC]. The user confirms they are by [PERSON] and recognizes them as a [ORG] student. The admin instructs the user to wait in the [PERSON] lobby and asks for their name. The user identifies themselves and informs that they are in the lobby. The admin informs that an officer will meet them and thanks them for their help.",1,8,1,94.84,15.38,1,8,0,100,100,75,50,25,0,0,12.5,0,0,25,12.5,0,0,0,25,0,0,12.5,50,0,0,12.5,0,12.5,0,12.5,0,12.5,0,0,0,0,0,12.5,0,12.5,0,12.5,0,0,0,0,0,0,0,25,0,0,0,0,0,0,25,0,0,0,0,0,0,0,0,0,0,0,0,0,0,0,0,0,0,0,0,0,0,0,0,0,0,0,0,0,0,12.5,0,12.5,12.5,0,0,0,12.5,0,0,0,25,0,0,0,0,0,0,0,12.5,0,0,0,0,12.5,0,0
"I misplaced my keys. they are on a green sbc lanyard. if you see them, let me know. they are meta glass keys.","NO problem, where did you last see them?","Hello, it's [ORG]. Do you remember were you last saw your keys?","A chat between an individual reporting a safety concern to the local police department and a dispatcher from the police department. The dispatcher gives helpful and detailed guidance and instructions on how to proceed. The dispatcher is also supposed to give necessary emotional support to the citizen.

The user lost their keys, which are on a green lanyard and have meta glass keys. They ask for help in finding them and mention they last used them in metta. The admin from [ORG] asks where they last saw the keys, and the user says it was in the auditorium downstairs in [GPE]. The admin thanks them and says they will search that area for the keys. 
 User: I misplaced my keys. they are on a green sbc lanyard. if you see them, let me know. they are meta glass keys.
Dispatcher:",[],"The user lost their keys, which are on a green lanyard and have meta glass keys. They ask for help in finding them and mention they last used them in metta. The admin from [ORG] asks where they last saw the keys, and the user says it was in the auditorium downstairs in [GPE]. The admin thanks them and says they will search that area for the keys.",1,8,1,99,89.39,,8,12.5,100,75,62.5,25,25,0,0,12.5,0,12.5,0,12.5,0,0,0,12.5,12.5,0,12.5,25,0,0,0,0,0,0,25,12.5,12.5,0,0,0,0,0,0,0,0,0,0,0,0,0,0,0,0,0,25,0,0,0,0,0,0,25,0,0,0,0,0,0,0,0,0,0,0,0,0,0,0,0,0,0,0,0,0,0,0,0,0,0,0,0,0,0,0,0,25,25,0,0,12.5,12.5,0,0,12.5,12.5,0,0,0,0,0,0,0,25,0,12.5,12.5,0,0,0,0
Buen día,Hacía tiempo,Fue el día de hoy ?,"A chat between an individual reporting a safety concern to the local police department and a dispatcher from the police department. The dispatcher gives helpful and detailed guidance and instructions on how to proceed. The dispatcher is also supposed to give necessary emotional support to the citizen.
A user informs an admin that they left their red wallet in the bathroom of a village. The admin greets them and asks if it was today. The user confirms and explains that they left their coffee maker in a bathroom at UDEM. They ask if it can be kept for them and say they are on their way. The admin says they will inform them shortly. The user mentions an organization and says the wallet is red and says Moschino. 
 User: Cartera roja en el baño de aldea
Dispatcher: Buen día 
 User: Buen día
Dispatcher:","[['Cartera roja en el baño de aldea', 'Buen día']]",A user informs an admin that they left their red wallet in the bathroom of a village. The admin greets them and asks if it was today. The user confirms and explains that they left their coffee maker in a bathroom at UDEM. They ask if it can be kept for them and say they are on their way. The admin says they will inform them shortly. The user mentions an organization and says the wallet is red and says Moschino.,1,2,,,,,2,0,0,0,0,0,0,0,0,0,0,0,0,0,0,0,0,0,0,0,0,0,0,0,0,0,0,0,0,0,0,0,0,0,0,0,0,0,0,0,0,0,0,0,0,0,0,0,0,0,0,0,0,0,0,0,0,0,0,0,0,0,0,0,0,0,0,0,0,0,0,0,0,0,0,0,0,0,0,0,0,0,0,0,0,0,0,0,0,0,0,0,0,0,0,0,0,0,0,0,0,0,0,0,0,0,0,0,0,0,0,0,0
Yup. I can go in a few minutes,Where are you?,We're open ## hours so whenever it's convenient for you.,"A chat between an individual reporting a safety concern to the local police department and a dispatcher from the police department. The dispatcher gives helpful and detailed guidance and instructions on how to proceed. The dispatcher is also supposed to give necessary emotional support to the citizen.
A user reports that their grey mountain bicycle was stolen from in front of a house at a specific location on a certain date. The user's bike was registered with an organization previously. The admin offers to have the user meet with an officer to file a report, which could help in the search for the bike. The user agrees to come to the organization's station and the admin provides the location and building code. The user confirms they can go in a few minutes and the admin mentions the organization's hours of operation. The admin thanks the user for using LiveSafe. 
 User: My grey mountain bicycle was stolen from in front of the [ORG] house, at [ORG], last night, the night of Sunday December #nd. my [ORG] is [DATE] and my bike was registered with [ORG] previously.
Dispatcher: Would you like to meet with a [ORG] officer to take a report? 
 User: Would this help search for my bike?
Dispatcher: By filing a report, it helps us return the bike to you in the event that it turns up in the future. 
 User: Are you able to come to the [ORG] station to file a report?
Dispatcher: Sure I can do that 
 User: Do you know where the [ORG] office is?
Dispatcher: #### [PERSON] 
 User: The building code is [ACRONYM]
Dispatcher: Just across the street from [ORG] and [ORG] 
 User: Yup. I can go in a few minutes
Dispatcher:","[['My grey mountain bicycle was stolen from in front of the [ORG] house, at [ORG], last night, the night of Sunday December #nd. my [ORG] is [DATE] and my bike was registered with [ORG] previously.', 'Would you like to meet with a [ORG] officer to take a report?'], ['Would this help search for my bike?', 'By filing a report, it helps us return the bike to you in the event that it turns up in the future.'], ['Are you able to come to the [ORG] station to file a report?', 'Sure I can do that'], ['Do you know where the [ORG] office is?', '#### [PERSON]'], ['The building code is [ACRONYM]', 'Just across the street from [ORG] and [ORG]']]","A user reports that their grey mountain bicycle was stolen from in front of a house at a specific location on a certain date. The user's bike was registered with an organization previously. The admin offers to have the user meet with an officer to file a report, which could help in the search for the bike. The user agrees to come to the organization's station and the admin provides the location and building code. The user confirms they can go in a few minutes and the admin mentions the organization's hours of operation. The admin thanks the user for using LiveSafe.",1,3,1,99,99,,3,0,100,100,100,33.33,33.33,0,0,33.33,0,0,0,0,0,0,0,33.33,33.33,0,0,33.33,0,0,0,0,0,0,0,0,0,0,0,0,0,0,0,0,0,0,0,0,0,0,0,0,0,0,33.33,0,0,0,0,0,0,33.33,0,0,0,0,0,0,0,0,0,0,0,0,0,0,0,0,0,0,0,0,0,0,0,0,0,0,0,0,0,0,0,0,0,33.33,0,0,33.33,0,0,0,0,0,33.33,0,0,0,0,0,0,33.33,0,0,33.33,0,0,0,0
My friends bike was stolen near the bridge and [ORG],WHAT TYPE OF BIKE WAS IT?,Thank you for contacting [ACRONYM] Police. Did your friend see who took the bike?,"A chat between an individual reporting a safety concern to the local police department and a dispatcher from the police department. The dispatcher gives helpful and detailed guidance and instructions on how to proceed. The dispatcher is also supposed to give necessary emotional support to the citizen.
A user reports to an admin that their friend's bike was stolen near a bridge and an organization. The admin, representing the police department, asks if the friend saw who took the bike. The user responds that they did not and that the bike is registered through the organization. The admin advises the user to have their friend fill out a theft report on the police department's website, providing the web address and mentioning that the serial number can be looked up through the friend's student account. The user thanks the admin and the admin wishes them a good night. 
 User: My friends bike was stolen near the bridge and [ORG]
Dispatcher:",[],"A user reports to an admin that their friend's bike was stolen near a bridge and an organization. The admin, representing the police department, asks if the friend saw who took the bike. The user responds that they did not and that the bike is registered through the organization. The admin advises the user to have their friend fill out a theft report on the police department's website, providing the web address and mentioning that the serial number can be looked up through the friend's student account. The user thanks the admin and the admin wishes them a good night.",1,6,10.19,,,,6,0,66.67,66.67,66.67,33.33,0,0,0,0,0,0,33.33,0,0,0,16.67,16.67,0,0,0,16.67,0,0,0,0,0,0,0,0,0,0,0,0,0,0,0,0,0,0,0,0,0,0,0,0,0,0,0,0,0,0,0,0,0,0,0,0,0,0,0,0,0,0,0,0,0,0,0,0,0,0,0,0,0,0,0,0,0,0,0,0,0,0,0,0,0,0,0,0,0,0,0,0,0,0,0,16.67,0,0,0,0,0,0,0,16.67,0,0,16.67,0,0,0,0
It looked like a cross over vehicle I don’t know the make or model,Alright we have officers checkin the area thank you,Thank you for being observant and reporting things that you feel are out of the ordinary.,"A chat between an individual reporting a safety concern to the local police department and a dispatcher from the police department. The dispatcher gives helpful and detailed guidance and instructions on how to proceed. The dispatcher is also supposed to give necessary emotional support to the citizen.
A user reports that spare tires were stolen from two vehicles, one in a dirt lot across from a helix and the other in a lot near a library. The admin asks how the user knows the tires were stolen and if they were a witness. The user explains that they noticed the tires were missing on separate cars and the covers were ripped off. The admin thanks the user and asks for more information about the vehicle in the lot near the library. The user is unable to provide specific details as they are currently in class. The admin thanks the user for reporting the incident and the user apologizes for not having more information. 
 User: Externally located spare tires stolen off of two vehicles. One vehicle ([ORG]) in the dirt lot across from the helix and second vehicle located in the lot near the library (Daumier parking overflow)
Dispatcher: Thank you for this information. How do you know these tires were stolen? 
 User: Were you a witness or did you notice the tires missing?
Dispatcher: I noticed the tires were missing on separate cars 
 User: The covers were both ripped off the tires in separate lots
Dispatcher: Didn’t look like it was intentional by the car owners 
 User: thank you we currently have someone checking the area. could you provide more information on the vehicle located """"in the lot near the library"""" would that be lot ##, ##, ##, ## or ##? and what kind of vehicle
Dispatcher: I[ORG] in class right now so I[ORG] not sure about the lot near the library number 
 User: It looked like a cross over vehicle I don’t know the make or model
Dispatcher:","[['Externally located spare tires stolen off of two vehicles. One vehicle ([ORG]) in the dirt lot across from the helix and second vehicle located in the lot near the library (Daumier parking overflow)', 'Thank you for this information. How do you know these tires were stolen?'], ['Were you a witness or did you notice the tires missing?', 'I noticed the tires were missing on separate cars'], ['The covers were both ripped off the tires in separate lots', 'Didn’t look like it was intentional by the car owners'], ['thank you we currently have someone checking the area. could you provide more information on the vehicle located """"in the lot near the library"""" would that be lot ##, ##, ##, ## or ##? and what kind of vehicle', 'I[ORG] in class right now so I[ORG] not sure about the lot near the library number']]","A user reports that spare tires were stolen from two vehicles, one in a dirt lot across from a helix and the other in a lot near a library. The admin asks how the user knows the tires were stolen and if they were a witness. The user explains that they noticed the tires were missing on separate cars and the covers were ripped off. The admin thanks the user and asks for more information about the vehicle in the lot near the library. The user is unable to provide specific details as they are currently in class. The admin thanks the user for reporting the incident and the user apologizes for not having more information.",1,9,10.19,99,10.18,99,9,33.33,88.89,66.67,55.56,22.22,22.22,0,11.11,11.11,0,0,0,11.11,11.11,0,0,11.11,11.11,0,0,22.22,11.11,0,22.22,11.11,0,11.11,0,0,0,0,0,0,0,0,0,0,11.11,11.11,0,0,0,0,0,0,0,0,44.44,11.11,11.11,11.11,0,0,11.11,33.33,0,0,0,0,0,0,0,0,0,0,0,0,0,0,0,0,0,0,0,0,0,0,0,0,0,0,0,0,0,0,0,0,11.11,11.11,0,0,11.11,0,0,0,0,0,0,0,11.11,0,11.11,0,0,0,0,0,0,0,0,0,0
Car battery stolen. Found my car unlocked and its battery was missing. Must have happened some time last night. Car was parked in the complex's garage.,"# WAS [ACRONYM]",are you able to call in to have an officer meet with you? ###-##-####,"A chat between an individual reporting a safety concern to the local police department and a dispatcher from the police department. The dispatcher gives helpful and detailed guidance and instructions on how to proceed. The dispatcher is also supposed to give necessary emotional support to the citizen.

A user reports that their car battery was stolen from their unlocked car in the complex's garage. The admin asks if the user can call to have an officer meet with them. The user's roommate has also reported an incident and an officer is expected to arrive soon. The user confirms the location as [ORG] on #### Park Grove Ave. The admin asks the user to call them and provides a corrected phone number. The user asks for an estimated time of arrival for the officer. The admin assures them that an officer will be sent as soon as possible. 
 User: Car battery stolen. Found my car unlocked and its battery was missing. Must have happened some time last night. Car was parked in the complex's garage.
Dispatcher:",[],A user reports that their car battery was stolen from their unlocked car in the complex's garage. The admin asks if the user can call to have an officer meet with them. The user's roommate has also reported an incident and an officer is expected to arrive soon. The user confirms the location as [ORG] on #### Park Grove Ave. The admin asks the user to call them and provides a corrected phone number. The user asks for an estimated time of arrival for the officer. The admin assures them that an officer will be sent as soon as possible.,1,2,1,,,,2,50,50,50,50,0,0,0,0,0,0,0,0,0,0,0,0,50,0,0,0,50,0,0,0,0,0,0,0,0,0,0,0,0,0,0,0,0,0,0,0,0,0,0,0,0,0,0,0,0,0,0,0,0,0,0,0,0,0,0,0,0,0,0,0,0,0,0,0,0,0,0,0,0,0,0,0,0,0,0,0,0,0,0,0,0,0,0,0,0,0,0,0,0,0,0,0,50,0,0,0,0,0,0,0,150,0,0,0,0,0,150,0
"[PERSON] de [ACRONYM] en mi locker [GPE] con otras [NORP] [PERSON] abierto y [GPE] ahi durante el verano. Cuando abri [ORG] ya no habia nada","Hola [GPE], [GPE] administrador [ORG] nos informa que [GPE] hubieran reportado una situación de este tipo, [WORD] si [WORD] gate tardes o día u furnjer un reporte con la administrador [ORG] para revisar los [ACRONYM]","[PERSON], [GPE]nos podría proporcionar características de la carpeta que menciona así como las demás pertenencias?","A chat between an individual reporting a safety concern to the local police department and a dispatcher from the police department. The dispatcher gives helpful and detailed guidance and instructions on how to proceed. The dispatcher is also supposed to give necessary emotional support to the citizen.
The user reports that their [ACRONYM] folder was left in their locker [GPE] with other [NORP] [PERSON] during the summer. When they opened [ORG], everything was gone. The admin asks for more details about the folder and other belongings. The user describes the folder as white with their name and ID number on the front. They also mention [GPE] [PERSON]. The admin suggests checking with the office to see if the belongings were turned in there. The user says they were planning to go to the office today. The admin offers to help if needed. The user thanks them. 
 User: [PERSON] de [ACRONYM] en mi locker [GPE] con otras [NORP] [PERSON] abierto y [GPE] ahi durante el verano. Cuando abri [ORG] ya no habia nada
Dispatcher:",[],"The user reports that their [ACRONYM] folder was left in their locker [GPE] with other [NORP] [PERSON] during the summer. When they opened [ORG], everything was gone. The admin asks for more details about the folder and other belongings. The user describes the folder as white with their name and ID number on the front. They also mention [GPE] [PERSON]. The admin suggests checking with the office to see if the belongings were turned in there. The user says they were planning to go to the office today. The admin offers to help if needed. The user thanks them.",1,35,85.07,72.87,1,,35,28.57,28.57,2.86,2.86,2.86,2.86,0,0,2.86,0,0,0,0,0,0,0,0,0,0,0,0,0,0,5.71,0,0,5.71,0,0,0,0,0,0,0,0,0,0,0,0,0,0,0,0,0,0,0,0,8.57,5.71,0,0,0,0,5.71,2.86,0,0,0,0,0,0,0,0,17.14,0,0,17.14,0,0,0,0,0,0,0,0,0,0,0,0,0,0,0,0,0,0,0,0,0,2.86,0,0,2.86,0,0,0,0,0,0,0,2.86,2.86,0,0,0,51.43,0,5.71,0,0,0,45.71,0
"[PERSON] (sophomore at hpu) has repeatedly taken my things. we both live in the [GPE] [PERSON]ma [ORG] in [GPE] and she has taken jewelry that she has not given back and has taken my phone to look through my messages on several occasions. it is well known in our sorority that she frequently spreads lies and will blame others for her mistakes and when anyone confronts her about this/other things, she will open/read the message and not respond. she has said [PERSON] and nasty things to several people and has made a girl in our sorority self harm due to her malicious words. she seems to express no remorse for this and has not owned up to it on the numerous occasions she's been confronted. the sorority does not know about the self harm incident because the girl is also in [PERSON] and wishes to remain anonymous because its a sensitive subject but I felt that further action should be taken since talking to her and people above her has done nothing. she is [PERSON] and seeing her at required sorority affiliated meetings/events has made two different girls consider dropping completely.",Thank you for contacting [ORG]. Would you be willing to meet with an officer to discuss this matter?,Can we get your name so that we can further investigate this? Security can do a report on the ongoing situations.,"A chat between an individual reporting a safety concern to the local police department and a dispatcher from the police department. The dispatcher gives helpful and detailed guidance and instructions on how to proceed. The dispatcher is also supposed to give necessary emotional support to the citizen.
A user, who is a sophomore at HPU, reports that another student, who they refer to as [PERSON], has repeatedly taken their belongings and has a history of spreading lies and making hurtful comments. The user also mentions that [PERSON] has caused another student in their sorority to self-harm. They express concern for the well-being of others and request that [ORG] take action. The admin asks for the user's name to further investigate, but the user declines to share it due to a promise made to the self-harming student. The admin assures the user that they will share the information with [ORG] and dispatch an [ORG] to investigate. The user also expresses concern about [PERSON] potentially not responding to the [ORG] and the admin promises to share the information with student life for further action. The user thanks the admin for their help. 
 User: [PERSON] (sophomore at hpu) has repeatedly taken my things. we both live in the [GPE] [PERSON]ma [ORG] in [GPE] and she has taken jewelry that she has not given back and has taken my phone to look through my messages on several occasions. it is well known in our sorority that she frequently spreads lies and will blame others for her mistakes and when anyone confronts her about this/other things, she will open/read the message and not respond. she has said [PERSON] and nasty things to several people and has made a girl in our sorority self harm due to her malicious words. she seems to express no remorse for this and has not owned up to it on the numerous occasions she's been confronted. the sorority does not know about the self harm incident because the girl is also in [PERSON] and wishes to remain anonymous because its a sensitive subject but I felt that further action should be taken since talking to her and people above her has done nothing. she is [PERSON] and seeing her at required sorority affiliated meetings/events has made two different girls consider dropping completely.
Dispatcher:",[],"A user, who is a sophomore at HPU, reports that another student, who they refer to as [PERSON], has repeatedly taken their belongings and has a history of spreading lies and making hurtful comments. The user also mentions that [PERSON] has caused another student in their sorority to self-harm. They express concern for the well-being of others and request that [ORG] take action. The admin asks for the user's name to further investigate, but the user declines to share it due to a promise made to the self-harming student. The admin assures the user that they will share the information with [ORG] and dispatch an [ORG] to investigate. The user also expresses concern about [PERSON] potentially not responding to the [ORG] and the admin promises to share the information with student life for further action. The user thanks the admin for their help.",1,18,89.52,99,1,99,9,22.22,94.44,72.22,55.56,16.67,11.11,0,0,11.11,0,0,5.56,11.11,5.56,0,22.22,11.11,0,0,0,22.22,5.56,0,5.56,0,0,5.56,11.11,0,11.11,0,0,5.56,0,0,0,0,11.11,11.11,0,0,0,0,0,0,0,0,33.33,16.67,5.56,5.56,0,0,11.11,16.67,0,0,0,0,0,0,0,0,5.56,0,0,5.56,0,0,0,0,0,0,0,0,0,0,0,0,0,0,0,0,0,0,0,0,5.56,0,0,0,0,0,0,0,0,0,0,0,0,0,0,0,0,22.22,5.56,0,5.56,0,0,11.11,0
thank you for your help,Any time :),You're welcome,"A chat between an individual reporting a safety concern to the local police department and a dispatcher from the police department. The dispatcher gives helpful and detailed guidance and instructions on how to proceed. The dispatcher is also supposed to give necessary emotional support to the citizen.
A user, who is a sophomore at HPU, reports that another student, who they refer to as [PERSON], has repeatedly taken their belongings and has a history of spreading lies and making hurtful comments. The user also mentions that [PERSON] has caused another student in their sorority to self-harm. They express concern for the well-being of others and request that [ORG] take action. The admin asks for the user's name to further investigate, but the user declines to share it due to a promise made to the self-harming student. The admin assures the user that they will share the information with [ORG] and dispatch an [ORG] to investigate. The user also expresses concern about [PERSON] potentially not responding to the [ORG] and the admin promises to share the information with student life for further action. The user thanks the admin for their help. 
 User: [PERSON] (sophomore at hpu) has repeatedly taken my things. we both live in the [GPE] [PERSON]ma [ORG] in [GPE] and she has taken jewelry that she has not given back and has taken my phone to look through my messages on several occasions. it is well known in our sorority that she frequently spreads lies and will blame others for her mistakes and when anyone confronts her about this/other things, she will open/read the message and not respond. she has said [PERSON] and nasty things to several people and has made a girl in our sorority self harm due to her malicious words. she seems to express no remorse for this and has not owned up to it on the numerous occasions she's been confronted. the sorority does not know about the self harm incident because the girl is also in [PERSON] and wishes to remain anonymous because its a sensitive subject but I felt that further action should be taken since talking to her and people above her has done nothing. she is [PERSON] and seeing her at required sorority affiliated meetings/events has made two different girls consider dropping completely.
Dispatcher: Can we get your name so that we can further investigate this? Security can do a report on the ongoing situations. 
 User: I would rather not say my name simply because of the info in the last half of what I said because I promised that I wouldn’t share it with anyone..
Dispatcher: I understand, but we can't really do anything about the stolen stuff or find out more unless we talk to someone. 
 User: I desperately want someone to speak with her about that especially..more than the stealing because although it[ORG] suspected, I don’t have any physical proof. However there are girls who genuinely left campus for days at a time because of what she[ORG] said so its moreso that
Dispatcher: Thank you for contacting [ORG]. We will share this information with [ORG]. We will dispatch an [ORG] to investigate. 
 User: ^regarding that, I guess I should’ve filed it under a different category. I just want to make sure something is done to alleviate this situation because girls are suffering from her words and no one deserves to be treated this way. she won’t respond to anyone who[ORG] confronted her
Dispatcher: i[ORG] also worried because i[ORG] not entirely sure who the [ORG] is for the sorority house but I feel like its such a small group of girls that she might not come out with that information since liz would know it was her 
 User: I just want the situation resolved before any more people get hurt.
Dispatcher: Ok I understand will be sharing this with student life who will look into it. Thank you. 
 User: thank you for your help
Dispatcher:","[[""[PERSON] (sophomore at hpu) has repeatedly taken my things. we both live in the [GPE] [PERSON]ma [ORG] in [GPE] and she has taken jewelry that she has not given back and has taken my phone to look through my messages on several occasions. it is well known in our sorority that she frequently spreads lies and will blame others for her mistakes and when anyone confronts her about this/other things, she will open/read the message and not respond. she has said [PERSON] and nasty things to several people and has made a girl in our sorority self harm due to her malicious words. she seems to express no remorse for this and has not owned up to it on the numerous occasions she's been confronted. the sorority does not know about the self harm incident because the girl is also in [PERSON] and wishes to remain anonymous because its a sensitive subject but I felt that further action should be taken since talking to her and people above her has done nothing. she is [PERSON] and seeing her at required sorority affiliated meetings/events has made two different girls consider dropping completely."", 'Can we get your name so that we can further investigate this? Security can do a report on the ongoing situations.'], ['I would rather not say my name simply because of the info in the last half of what I said because I promised that I wouldn’t share it with anyone..', ""I understand, but we can't really do anything about the stolen stuff or find out more unless we talk to someone.""], ['I desperately want someone to speak with her about that especially..more than the stealing because although it[ORG] suspected, I don’t have any physical proof. However there are girls who genuinely left campus for days at a time because of what she[ORG] said so its moreso that', 'Thank you for contacting [ORG]. We will share this information with [ORG]. We will dispatch an [ORG] to investigate.'], ['^regarding that, I guess I should’ve filed it under a different category. I just want to make sure something is done to alleviate this situation because girls are suffering from her words and no one deserves to be treated this way. she won’t respond to anyone who[ORG] confronted her', 'i[ORG] also worried because i[ORG] not entirely sure who the [ORG] is for the sorority house but I feel like its such a small group of girls that she might not come out with that information since liz would know it was her'], ['I just want the situation resolved before any more people get hurt.', 'Ok I understand will be sharing this with student life who will look into it. Thank you.']]","A user, who is a sophomore at HPU, reports that another student, who they refer to as [PERSON], has repeatedly taken their belongings and has a history of spreading lies and making hurtful comments. The user also mentions that [PERSON] has caused another student in their sorority to self-harm. They express concern for the well-being of others and request that [ORG] take action. The admin asks for the user's name to further investigate, but the user declines to share it due to a promise made to the self-harming student. The admin assures the user that they will share the information with [ORG] and dispatch an [ORG] to investigate. The user also expresses concern about [PERSON] potentially not responding to the [ORG] and the admin promises to share the information with student life for further action. The user thanks the admin for their help.",1,3,,,,99,3,0,100,66.67,33.33,0,0,0,0,0,0,0,0,33.33,0,0,0,0,0,0,0,0,0,0,0,0,0,0,33.33,0,33.33,0,0,0,33.33,0,0,0,33.33,33.33,0,33.33,33.33,0,0,0,0,0,0,0,0,0,0,0,0,0,0,0,0,0,0,0,0,0,0,0,0,0,0,0,0,0,0,0,0,0,0,0,0,0,0,0,0,0,0,0,0,0,33.33,0,0,0,0,0,0,0,0,0,0,0,33.33,33.33,0,0,0,66.67,0,0,0,0,0,66.67,0
No. People turned their heads but he ran out the door before anyone could approach him.,"Ok, we will send an officer to the store. Does the store allow someone to meet with an officer in the store or would you prefer to meet with the officer near your location?",Ok. We will send a unit to the student center to check on this.,"A chat between an individual reporting a safety concern to the local police department and a dispatcher from the police department. The dispatcher gives helpful and detailed guidance and instructions on how to proceed. The dispatcher is also supposed to give necessary emotional support to the citizen.
A user reports witnessing a white male in a gray hooded sweatshirt with a hat on seemingly steal something and walk out of a bookstore in a certain location at a specific time. The admin asks if the user actually saw the theft and if any store staff mentioned it. The user says they did not see the theft but the alarm went off when the person left. The admin says they will send a unit to check on the situation and the officer would like to speak to the user. The admin asks for a meeting location and the user agrees to meet at a two seat table in the bookstore. The admin instructs the user to approach the officer and mention the tip. The user agrees. 
 User: Sitting in [GPE] at the [GPE] Bookstore. Witness a white male in a gray hooded sweatshirt with a hat on seemingly steal something and walk out this door. Happened at approximately #:## p.m.
Dispatcher: Thank you for contacting [ORG]. Did you actually see him take anything? 
 User: No. But the alarm went off when he walked out.
Dispatcher: Did any of the store staff indicate that this was an issue or that a theft may have occurred? 
 User: No. People turned their heads but he ran out the door before anyone could approach him.
Dispatcher:","[['Sitting in [GPE] at the [GPE] Bookstore. Witness a white male in a gray hooded sweatshirt with a hat on seemingly steal something and walk out this door. Happened at approximately #:## p.m.', 'Thank you for contacting [ORG]. Did you actually see him take anything?'], ['No. But the alarm went off when he walked out.', 'Did any of the store staff indicate that this was an issue or that a theft may have occurred?']]",A user reports witnessing a white male in a gray hooded sweatshirt with a hat on seemingly steal something and walk out of a bookstore in a certain location at a specific time. The admin asks if the user actually saw the theft and if any store staff mentioned it. The user says they did not see the theft but the alarm went off when the person left. The admin says they will send a unit to check on the situation and the officer would like to speak to the user. The admin asks for a meeting location and the user agrees to meet at a two seat table in the bookstore. The admin instructs the user to approach the officer and mention the tip. The user agrees.,1,34,99,99,4.6,95.42,17,14.71,100,73.53,61.76,11.76,8.82,0,2.94,5.88,0,0,2.94,20.59,17.65,0,20.59,8.82,0,2.94,0,17.65,2.94,0,14.71,2.94,0,11.76,14.71,0,14.71,2.94,2.94,5.88,5.88,0,2.94,0,5.88,5.88,0,0,0,0,0,0,0,0,29.41,8.82,0,0,0,0,0,20.59,0,0,0,0,0,0,0,0,8.82,0,0,0,8.82,0,0,0,0,0,0,0,0,0,0,0,0,0,0,0,0,0,0,0,8.82,8.82,0,0,8.82,0,0,0,0,0,2.94,2.94,2.94,0,2.94,0,0,8.82,2.94,2.94,2.94,0,0,0,0
Yep! I’ll leave them at the [ORG] desk.,GOOD,ok thank you,"A chat between an individual reporting a safety concern to the local police department and a dispatcher from the police department. The dispatcher gives helpful and detailed guidance and instructions on how to proceed. The dispatcher is also supposed to give necessary emotional support to the citizen.

The user found something in Gilman and asks where they should drop it off. The admin suggests sending an officer to pick it up. The user explains that they are currently walking and will be at a facility before going to two other places. The admin asks the user to call when they are stationary. The user agrees to leave the item at the organization's desk and the admin thanks them. The user confirms that they left the item at the desk and bids the admin a good day. The admin responds with a simple ""ok."" 
 User: Found in Gilman ##. Where should I drop them off?
Dispatcher: we can send an officer to pick up the property. 
 User: I[PERSON] on foot for another ## minutes or so. I[PERSON] actually walking into [FAC] right now but after that I go to [PERSON] and then [PERSON].
Dispatcher: Can you give us a call when your stationary 
 User: Yep! I’ll leave them at the [ORG] desk.
Dispatcher:","[['Found in Gilman ##. Where should I drop them off?', 'we can send an officer to pick up the property.'], ['I[PERSON] on foot for another ## minutes or so. I[PERSON] actually walking into [FAC] right now but after that I go to [PERSON] and then [PERSON].', 'Can you give us a call when your stationary']]","The user found something in Gilman and asks where they should drop it off. The admin suggests sending an officer to pick it up. The user explains that they are currently walking and will be at a facility before going to two other places. The admin asks the user to call when they are stationary. The user agrees to leave the item at the organization's desk and the admin thanks them. The user confirms that they left the item at the desk and bids the admin a good day. The admin responds with a simple ""ok.""",1,1,,,,99,1,0,100,0,0,0,0,0,0,0,0,0,0,0,0,0,0,0,0,0,0,0,0,0,0,0,0,0,0,0,0,0,0,0,0,0,0,0,100,100,0,100,100,0,0,0,0,0,0,0,0,0,0,0,0,0,0,0,0,0,0,0,0,0,0,0,0,0,0,0,0,0,0,0,0,0,0,0,0,0,0,0,0,0,0,0,0,0,100,0,0,0,0,0,0,0,0,0,0,0,0,0,0,0,0,0,0,0,0,0,0,0,0
Hello!!! I was around the usc village an hour ago and my little blue wallet with all my identification and cards fell out of my pocket. Is there a lost or found or place I can go to look if anyone turned it in?,[ACRONYM] [ACRONYM] Police Dispatcher [ACRONYM],Thank you for contacting [ORG]. I'm sorry to hear that. Yes we have a lost and found on main campus located in our [ORG] station. The best number the call is directly to lost and found ###-###-####. They are open from # a.m. to #:## p.m.,"A chat between an individual reporting a safety concern to the local police department and a dispatcher from the police department. The dispatcher gives helpful and detailed guidance and instructions on how to proceed. The dispatcher is also supposed to give necessary emotional support to the citizen.

A user lost their wallet at the USC Village and is asking if there is a lost and found or a place to check if it was turned in. The admin responds that there is a lost and found on the main campus and provides the number to call. They also suggest calling back multiple times throughout the week and checking with the front desk at a specific location. The user thanks them and the admin wishes them luck. 
 User: Hello!!! I was around the usc village an hour ago and my little blue wallet with all my identification and cards fell out of my pocket. Is there a lost or found or place I can go to look if anyone turned it in?
Dispatcher:",[],A user lost their wallet at the USC Village and is asking if there is a lost and found or a place to check if it was turned in. The admin responds that there is a lost and found on the main campus and provides the number to call. They also suggest calling back multiple times throughout the week and checking with the front desk at a specific location. The user thanks them and the admin wishes them luck.,1,5,,,,,5,80,20,0,0,0,0,0,0,0,0,0,0,0,0,0,0,0,0,0,0,0,0,0,20,0,0,20,0,0,0,0,0,0,0,0,0,0,0,0,0,0,0,0,0,0,0,0,0,0,0,0,0,0,0,0,0,0,0,0,0,0,0,0,0,0,0,0,0,0,0,0,0,0,0,0,0,0,0,0,0,0,0,0,0,0,0,0,0,0,0,0,0,0,0,0,0,0,0,0,0,0,0,0,0,120,0,0,0,0,0,120,0
yes! apt ###,"Ok, do you know what room number your apt is?",ok we will dispatch an officer,"A chat between an individual reporting a safety concern to the local police department and a dispatcher from the police department. The dispatcher gives helpful and detailed guidance and instructions on how to proceed. The dispatcher is also supposed to give necessary emotional support to the citizen.
A user received a package of jeans worth $### on [DATE] at [LOC], but did not receive a notification until [DATE]. When they went to retrieve the package, it had been opened and the contents were stolen. The user is currently in [FAC] at the [FAC] apartments and suggests installing a security camera by the mailboxes. The admin apologizes and offers to send an officer to file a police report. The user agrees and confirms their location at [ORG] Canner [ACRONYM] and their apartment number. The admin confirms they will dispatch an officer and the user thanks them. 
 User: I received a package with $### worth of jeans (apparently it arrived on [DATE] and I didn't get the notification until [DATE]). When I went to retrieve the package this morning it was opened and all of the contents had been stolen. I am in [FAC] in the [FAC] apartments. Any information or help would be appreciated—maybe there should be a security camera by the mailboxes? Thank you!
Dispatcher: I am sorry this has happened, if you like we can send an officer to your location to file a police report. Would you like to do that? 
 User: That would be great. Thanks!
Dispatcher: You're very welcome, are you currently located at [ORG] Canner [ACRONYM] and what apt? 
 User: yes! apt ###
Dispatcher:","[[""I received a package with $### worth of jeans (apparently it arrived on [DATE] and I didn't get the notification until [DATE]). When I went to retrieve the package this morning it was opened and all of the contents had been stolen. I am in [FAC] in the [FAC] apartments. Any information or help would be appreciated—maybe there should be a security camera by the mailboxes? Thank you!"", 'I am sorry this has happened, if you like we can send an officer to your location to file a police report. Would you like to do that?'], ['That would be great. Thanks!', ""You're very welcome, are you currently located at [ORG] Canner [ACRONYM] and what apt?""]]","A user received a package of jeans worth $### on [DATE] at [LOC], but did not receive a notification until [DATE]. When they went to retrieve the package, it had been opened and the contents were stolen. The user is currently in [FAC] at the [FAC] apartments and suggests installing a security camera by the mailboxes. The admin apologizes and offers to send an officer to file a police report. The user agrees and confirms their location at [ORG] Canner [ACRONYM] and their apartment number. The admin confirms they will dispatch an officer and the user thanks them.",1,10,1,99,63.35,,10,0,90,80,50,30,20,0,0,20,0,0,10,10,0,0,0,20,0,0,0,30,0,10,0,0,0,0,10,0,10,10,0,0,0,0,0,0,0,0,0,0,0,0,0,0,0,0,20,0,0,0,0,0,0,20,0,0,0,0,0,0,0,0,10,0,10,0,0,0,0,0,0,0,0,0,0,0,0,0,0,0,0,0,0,0,0,0,20,10,0,0,10,0,0,0,0,0,10,0,10,0,10,0,0,20,0,10,10,0,0,0,0
Black man about ##-## stole a bike from [ORG] gamma,"Okay, thank you for your tip. Which way did he go?",How long ago?,"A chat between an individual reporting a safety concern to the local police department and a dispatcher from the police department. The dispatcher gives helpful and detailed guidance and instructions on how to proceed. The dispatcher is also supposed to give necessary emotional support to the citizen.
A user reports that a black man stole a bike from an organization called [ORG] gamma. The admin asks for more information, including a description of the man and how long ago the incident occurred. The user says it happened about w minutes ago and the man was wearing a white shirt and had [ORG] and [PERSON] hair. The admin asks for a more specific time and the user apologizes and says it was # minutes ago. The admin informs the user that officers have already been dispatched and asks for any additional information. The user mentions that the bike was white with a metal basket. The admin offers to have the user meet with officers, but the user declines. 
 User: Black man about ##-## stole a bike from [ORG] gamma
Dispatcher:",[],"A user reports that a black man stole a bike from an organization called [ORG] gamma. The admin asks for more information, including a description of the man and how long ago the incident occurred. The user says it happened about w minutes ago and the man was wearing a white shirt and had [ORG] and [PERSON] hair. The admin asks for a more specific time and the user apologizes and says it was # minutes ago. The admin informs the user that officers have already been dispatched and asks for any additional information. The user mentions that the bike was white with a metal basket. The admin offers to have the user meet with officers, but the user declines.",1,11,6.68,99,95.15,99,5.5,0,90.91,81.82,54.55,36.36,27.27,0,0,18.18,9.09,0,9.09,9.09,0,0,9.09,9.09,0,0,0,27.27,9.09,0,0,0,0,0,9.09,0,9.09,0,0,0,0,0,9.09,0,9.09,9.09,0,0,0,0,0,0,0,0,36.36,9.09,9.09,9.09,0,0,9.09,27.27,0,0,0,9.09,0,0,0,0,0,0,0,0,0,0,0,0,0,0,0,0,0,0,0,0,0,0,0,0,0,0,0,0,18.18,18.18,0,9.09,18.18,0,0,0,0,9.09,0,0,9.09,0,9.09,0,0,27.27,9.09,9.09,9.09,0,0,0,0
I had to leave for a meeting,Ok thank you for the information. How long ago did you see the person cutting the bike?,How long ago did you see them there?,"A chat between an individual reporting a safety concern to the local police department and a dispatcher from the police department. The dispatcher gives helpful and detailed guidance and instructions on how to proceed. The dispatcher is also supposed to give necessary emotional support to the citizen.
A user reports to an admin that someone is cutting the lock on a bike in front of the symphonic hall building, across from the film school. The admin asks for a description of the person, and the user describes them as a white male with dark curly hair, wearing a dark shirt. The admin asks for the location of the hall, and the user provides the street name and organization. The user then mentions they had to leave for a meeting. The admin asks how long ago the user saw the person, and the user responds with a few minutes. The admin asks if the user saw the person use any tools or weapons, and the user mentions they had large bolt cutters. The admin thanks the user for the information and asks if they would like to meet with officers, but the user declines and just wants to report the incident. The admin thanks the user and wishes them a good night. 
 User: Someone is cutting the lock on a bike in front of the symphonic hall building, across from the film school
Dispatcher: Whats their description? sex, race, color of top and bottoms? 
 User: Dark shirt, white male ##s dark curly hair
Dispatcher: And im not familiar with [ORG] hall? What street is that on? or the address please? 
 User: It’s on watt way across from the film school
Dispatcher: In [ORG] 
 User: I had to leave for a meeting
Dispatcher:","[['Someone is cutting the lock on a bike in front of the symphonic hall building, across from the film school', 'Whats their description? sex, race, color of top and bottoms?'], ['Dark shirt, white male ##s dark curly hair', 'And im not familiar with [ORG] hall? What street is that on? or the address please?'], ['It’s on watt way across from the film school', 'In [ORG]']]","A user reports to an admin that someone is cutting the lock on a bike in front of the symphonic hall building, across from the film school. The admin asks for a description of the person, and the user describes them as a white male with dark curly hair, wearing a dark shirt. The admin asks for the location of the hall, and the user provides the street name and organization. The user then mentions they had to leave for a meeting. The admin asks how long ago the user saw the person, and the user responds with a few minutes. The admin asks if the user saw the person use any tools or weapons, and the user mentions they had large bolt cutters. The admin thanks the user for the information and asks if they would like to meet with officers, but the user declines and just wants to report the incident. The admin thanks the user and wishes them a good night.",1,17,79.1,99,83.69,95.42,8.5,11.76,88.24,76.47,52.94,11.76,11.76,0,0,11.76,0,0,0,17.65,17.65,0,5.88,5.88,11.76,0,0,17.65,5.88,5.88,0,0,0,0,11.76,0,11.76,11.76,5.88,0,0,0,0,0,5.88,5.88,0,0,0,0,0,0,0,0,23.53,5.88,5.88,5.88,0,0,5.88,17.65,0,0,0,0,0,0,0,0,0,0,0,0,0,0,0,0,0,0,0,0,0,0,0,0,0,0,0,0,0,0,0,0,17.65,11.76,0,0,5.88,5.88,0,0,5.88,11.76,0,0,5.88,0,5.88,0,0,11.76,5.88,0,5.88,0,0,0,0
"There was someone with a black mask and black hoodie, darker skinned. Moving very fast and jumpy",Your name is? and number?,Can you give me a location.,"A chat between an individual reporting a safety concern to the local police department and a dispatcher from the police department. The dispatcher gives helpful and detailed guidance and instructions on how to proceed. The dispatcher is also supposed to give necessary emotional support to the citizen.
A user reports seeing someone with a black mask and hoodie, who appeared to be moving quickly and nervously. The user provides a location of the practice field behind the [ORG] parking lot, heading towards [LOC]. The admin thanks the user and informs them that officers are in the area making checks. 
 User: There was someone with a black mask and black hoodie, darker skinned. Moving very fast and jumpy
Dispatcher:",[],"A user reports seeing someone with a black mask and hoodie, who appeared to be moving quickly and nervously. The user provides a location of the practice field behind the [ORG] parking lot, heading towards [LOC]. The admin thanks the user and informs them that officers are in the area making checks.",1,5,1,99,,,2.5,0,100,80,60,20,20,0,0,20,0,0,0,20,0,0,0,20,0,20,0,20,0,20,0,0,0,0,0,0,0,0,0,0,0,0,0,0,0,0,0,0,0,0,0,0,0,0,40,0,0,0,0,0,0,40,0,0,0,0,0,0,0,0,0,0,0,0,0,0,0,0,0,0,0,0,0,0,0,0,0,0,0,0,0,0,0,0,20,0,0,0,0,0,0,0,0,0,20,0,0,0,0,0,0,40,0,0,40,0,0,0,0
Igual y si se me cayeron ahí en dónde llegan en campus,"Buenas, nos tocó informar a los oficiales de [ORG] que revisen en el camión en el que te encuentras, si ellos lo reportan nos reportan a nosotros, si no son the ones que te indicamos anteriormente.","Si, ya lo revisamos en [ORG] y no están.","A chat between an individual reporting a safety concern to the local police department and a dispatcher from the police department. The dispatcher gives helpful and detailed guidance and instructions on how to proceed. The dispatcher is also supposed to give necessary emotional support to the citizen.

A user lost their blue glasses near the bus stop on campus and asks the admin for help. The admin checks but no one has reported finding them. The user suggests asking the bus drivers and the admin agrees to check with the school and keep the user updated. The user confirms they are from the school and the admin continues to search but cannot find the glasses. The user asks to be notified if they are found and the admin assures them of their support. 
 User: Son celestes
Dispatcher: Revisamos y no han reportado unos lentes como los que mencionas, si los llegan a reportar con gusto te lo compartimos por este medio. 
 User: No pueden preguntar si se han quedado en los camiones?
Dispatcher: Si no, deben estar en los camiones 
 User: Eres de prepa [ORG] verdad?
Dispatcher: Si 
 User: Vamos a revisar en [ORG], un momento, te mantenemos informada.
Dispatcher: Si porfavor! [ORG]! 
 User: [ORG], no están en directo [ORG] ni los oficiales de [ORG] los encontraron al dar la última revisión en los camiones, si los llegan a reportar, te mantenemos informada por este medio.
Dispatcher: Okey si porfavor! 
 User: Igual y si se me cayeron ahí en dónde llegan en campus
Dispatcher:","[['Son celestes', 'Revisamos y no han reportado unos lentes como los que mencionas, si los llegan a reportar con gusto te lo compartimos por este medio.'], ['No pueden preguntar si se han quedado en los camiones?', 'Si no, deben estar en los camiones'], ['Eres de prepa [ORG] verdad?', 'Si'], ['Vamos a revisar en [ORG], un momento, te mantenemos informada.', 'Si porfavor! [ORG]!'], ['[ORG], no están en directo [ORG] ni los oficiales de [ORG] los encontraron al dar la última revisión en los camiones, si los llegan a reportar, te mantenemos informada por este medio.', 'Okey si porfavor!']]",A user lost their blue glasses near the bus stop on campus and asks the admin for help. The admin checks but no one has reported finding them. The user suggests asking the bus drivers and the admin agrees to check with the school and keep the user updated. The user confirms they are from the school and the admin continues to search but cannot find the glasses. The user asks to be notified if they are found and the admin assures them of their support.,1,36,95.3,40.06,,,36,25,22.22,11.11,11.11,0,0,0,0,0,0,0,0,11.11,8.33,0,0,0,0,0,2.78,0,0,0,0,0,0,0,2.78,2.78,0,0,0,0,0,0,0,0,0,0,0,0,0,0,0,0,0,0,2.78,0,0,0,0,0,0,2.78,2.78,0,0,2.78,0,0,0,0,8.33,0,0,8.33,0,0,0,0,0,0,0,0,0,0,0,0,0,0,0,0,0,0,0,0,2.78,0,0,0,0,0,0,0,0,0,0,0,0,0,0,0,0,16.67,2.78,8.33,0,0,0,5.56,0
About two hours ago,Where are you now?,"Where are you right now, and do you have a cell phone number?","A chat between an individual reporting a safety concern to the local police department and a dispatcher from the police department. The dispatcher gives helpful and detailed guidance and instructions on how to proceed. The dispatcher is also supposed to give necessary emotional support to the citizen.
A user reports that their blue BeatsX earbuds were stolen in the parking lot of a location called ""brewhaha"" by a white male with dark hair and a white beard. The thief was driving a white pickup truck with several bumper stickers, including one shaped like a shark. The user says this occurred about two hours ago. The administrator asks for the user's current location and cell phone number, which the user provides. The administrator thanks the user and says they will pass on the information to the Newark Police, as the incident appears to have occurred in their jurisdiction. The user thanks the administrator and the administrator provides the phone number for the Newark Police. 
 User: My blue beatsX earbuds were stolen in the brewhaha parking lot by a white male about #'#” with dark hair and a white beard who was driving a white pickup truck that had a bunch of bumper stickers on the back including a padagonia one that was shaped like a shark
Dispatcher: When did this occur? 
 User: About two hours ago
Dispatcher:","[[""My blue beatsX earbuds were stolen in the brewhaha parking lot by a white male about #'#” with dark hair and a white beard who was driving a white pickup truck that had a bunch of bumper stickers on the back including a padagonia one that was shaped like a shark"", 'When did this occur?']]","A user reports that their blue BeatsX earbuds were stolen in the parking lot of a location called ""brewhaha"" by a white male with dark hair and a white beard. The thief was driving a white pickup truck with several bumper stickers, including one shaped like a shark. The user says this occurred about two hours ago. The administrator asks for the user's current location and cell phone number, which the user provides. The administrator thanks the user and says they will pass on the information to the Newark Police, as the incident appears to have occurred in their jurisdiction. The user thanks the administrator and the administrator provides the phone number for the Newark Police.",1,4,1,99,99,,4,0,100,100,100,25,25,0,0,25,0,0,0,0,0,0,0,25,50,0,0,25,0,0,0,0,0,0,0,0,0,0,0,0,0,0,0,0,0,0,0,0,0,0,0,0,0,0,25,0,0,0,0,0,0,25,0,0,0,0,0,0,0,0,0,0,0,0,0,0,0,0,0,0,0,0,0,0,0,0,0,0,0,0,0,0,0,0,25,25,0,0,25,0,0,0,25,0,50,0,0,0,0,0,0,25,0,0,25,0,0,0,0
Blue and black. I have a picture of it,At the bus stop on [ORG],"Your bike was not stolen, you left in a spot that you are not allowed to leave it in, you may come to the police department on campus and we can take you to retrieve your property.","A chat between an individual reporting a safety concern to the local police department and a dispatcher from the police department. The dispatcher gives helpful and detailed guidance and instructions on how to proceed. The dispatcher is also supposed to give necessary emotional support to the citizen.

A user reports to an admin that their bicycle was stolen at a bus stop on campus. The admin asks for the color of the bike and the user says it is blue and black and they have a picture of it. The admin informs the user that their bike was not stolen, but rather they left it in a restricted area. The user apologizes and the admin offers to take them to retrieve their bike at the police department on campus. 
 User: My bicycle was robbed on campus at bus stop number ##
Dispatcher: What color is your bike? 
 User: Blue and black. I have a picture of it
Dispatcher:","[['My bicycle was robbed on campus at bus stop number ##', 'What color is your bike?']]","A user reports to an admin that their bicycle was stolen at a bus stop on campus. The admin asks for the color of the bike and the user says it is blue and black and they have a picture of it. The admin informs the user that their bike was not stolen, but rather they left it in a restricted area. The user apologizes and the admin offers to take them to retrieve their bike at the police department on campus.",1,6,99,,39.59,,6,0,83.33,50,50,0,0,0,0,0,0,0,0,16.67,16.67,0,33.33,0,0,0,0,0,0,0,0,0,0,0,0,0,0,0,0,0,0,0,0,0,0,0,0,0,0,0,0,0,0,0,0,0,0,0,0,0,0,0,0,0,0,0,0,0,0,0,16.67,0,0,16.67,0,0,0,0,0,0,0,0,0,0,0,0,0,0,0,0,0,0,0,0,16.67,0,0,0,0,0,0,0,16.67,0,0,0,0,0,0,0,0,33.33,0,0,0,0,0,33.33,0
"# minutes ago and he is walking away now that he saw me",Where exactly were you? Looking out the door of [ORG]?,Ok what does he look like and what color clothes?,"A chat between an individual reporting a safety concern to the local police department and a dispatcher from the police department. The dispatcher gives helpful and detailed guidance and instructions on how to proceed. The dispatcher is also supposed to give necessary emotional support to the citizen.
A user reports seeing a homeless person with a red grocery cart possibly trying to steal a bike outside of Cardinal n Gold. The admin asks for more information and the user provides a description and location of the person. The user is unable to see the person's current location as they are heading to campus. The admin thanks the user for the information and says they will have officers check the area. The admin offers to have the user meet with officers, but the user declines due to having an interview. The admin wishes the user good luck and thanks them. 
 User: A homeless person with a red grocery cart looked as if he was trying to steal a bike outside of Cardinal n Gold
Dispatcher: Thank you for contacting [ORG], how long ago did you see the person and is he still there now? 
 User: # minutes ago and he is walking away now that he saw me
Dispatcher:","[['A homeless person with a red grocery cart looked as if he was trying to steal a bike outside of Cardinal n Gold', 'Thank you for contacting [ORG], how long ago did you see the person and is he still there now?']]","A user reports seeing a homeless person with a red grocery cart possibly trying to steal a bike outside of Cardinal n Gold. The admin asks for more information and the user provides a description and location of the person. The user is unable to see the person's current location as they are heading to campus. The admin thanks the user for the information and says they will have officers check the area. The admin offers to have the user meet with officers, but the user declines due to having an interview. The admin wishes the user good luck and thanks them.",1,10,89.52,99,98.38,,5,20,100,70,60,10,10,0,0,10,0,0,0,10,10,0,20,10,10,0,0,20,0,0,0,0,0,0,10,0,10,0,0,0,0,10,0,0,0,0,0,0,0,0,0,0,0,0,10,0,0,0,0,0,0,10,0,0,0,0,0,0,0,0,10,0,0,10,0,0,0,0,0,0,0,0,0,0,0,0,0,0,0,0,0,0,0,0,10,40,0,0,30,10,0,0,0,10,0,0,0,0,0,0,0,40,0,0,20,0,0,20,0
"Hola, buenas noches, se me quedó el cargador del iphone conectado",En el [PERSON] de [ORG],"Si extraviaste o encontraste algo en el campus, hay un área a donde puedes acudir para su búsqueda o entrega. Se localiza en la oficina #### A, en el edificio #, con un horario de atención de lunes a viernes de #:## a ##:## y de ##:## a ##:## horas y sábados de #:## a ##:## horas. Si tienes alguna duda, puedes comunicarte a la extensión ####, o al correo electrónico [EMAIL]","A chat between an individual reporting a safety concern to the local police department and a dispatcher from the police department. The dispatcher gives helpful and detailed guidance and instructions on how to proceed. The dispatcher is also supposed to give necessary emotional support to the citizen.
A user informs the admin that they left their iPhone charger connected at [ORG] [PERSON] on Friday at ##:## pm. The admin asks for more details on the support needed. The user explains that they left their charger behind. The admin informs the user that if they lost or found something on campus, there is an area where they can go to search or return items. The location and hours of this area are provided. The user thanks the admin. 
 User: Cargador de iphone conectado en [ORG] [PERSON] el viernes a las ##:## pm
Dispatcher: Buen día: Nos puede especificar el apoyo que requiere? 
 User: Hola, buenas noches, se me quedó el cargador del iphone conectado
Dispatcher:","[['Cargador de iphone conectado en [ORG] [PERSON] el viernes a las ##:## pm', 'Buen día: Nos puede especificar el apoyo que requiere?']]","A user informs the admin that they left their iPhone charger connected at [ORG] [PERSON] on Friday at ##:## pm. The admin asks for more details on the support needed. The user explains that they left their charger behind. The admin informs the user that if they lost or found something on campus, there is an area where they can go to search or return items. The location and hours of this area are provided. The user thanks the admin.",1,5,,99,,,5,0,40,0,0,0,0,0,0,0,0,0,0,0,0,0,0,0,0,0,0,0,0,0,0,0,0,0,0,0,0,0,0,0,0,0,0,0,0,0,0,0,0,0,0,0,0,0,20,0,0,0,0,0,0,20,0,0,0,0,0,0,0,0,20,0,0,20,0,0,0,0,0,0,0,0,0,0,0,0,0,0,0,0,0,0,0,0,0,0,0,0,0,0,0,0,0,0,0,0,0,0,0,0,0,80,0,0,0,0,0,80,0
En la vuelta al campus,"[GPE] tardes, [GPE]en la vuelta [PERSON] a la [GPE], si está en la vuelta al campus?","Hola, ya se consultó con el personal de las unidades de Directo [ACRONYM], nos informan que no se encontraron pertenencias olvidadas en alguna de las unidades, en caso de tener alguna novedad te informamos por este medio","A chat between an individual reporting a safety concern to the local police department and a dispatcher from the police department. The dispatcher gives helpful and detailed guidance and instructions on how to proceed. The dispatcher is also supposed to give necessary emotional support to the citizen.
A user reports being lost on a UDEM bus at approximately ##:## am on Tuesday, April #. The admin asks if they are on their way back to the campus. The user confirms and asks if anything was left in lost and found. The admin checks with the Directo [ACRONYM] staff and informs the user that nothing was found. The user asks where they can personally check and the admin suggests checking with [ORG] in case the item was turned in there. 
 User: [PERSON], perdido en un autobús de vinculación de udem unidad valle alto aproximadamente a las ##:## de la mañana del día de ayer, martes # de abril [PERSON].
Dispatcher: [GPE] tardes, [GPE]en la vuelta [PERSON] o de regreso a la [GPE]? 
 User: En la vuelta al campus
Dispatcher:","[['[PERSON], perdido en un autobús de vinculación de udem unidad valle alto aproximadamente a las ##:## de la mañana del día de ayer, martes # de abril [PERSON].', '[GPE] tardes, [GPE]en la vuelta [PERSON] o de regreso a la [GPE]?']]","A user reports being lost on a UDEM bus at approximately ##:## am on Tuesday, April #. The admin asks if they are on their way back to the campus. The user confirms and asks if anything was left in lost and found. The admin checks with the Directo [ACRONYM] staff and informs the user that nothing was found. The user asks where they can personally check and the admin suggests checking with [ORG] in case the item was turned in there.",1,17,95.53,73.71,,,17,0,17.65,5.88,5.88,0,0,0,0,0,0,0,0,5.88,5.88,0,0,0,0,0,0,0,0,0,0,0,0,0,0,0,0,0,0,0,0,0,0,0,0,0,0,0,0,0,0,0,0,0,5.88,0,0,0,0,0,0,5.88,0,0,0,0,0,0,0,0,5.88,0,0,5.88,0,0,0,0,0,0,0,0,0,0,0,0,0,0,0,0,0,0,0,0,0,0,0,0,0,0,0,0,0,0,0,0,0,0,0,0,0,64.71,0,11.76,5.88,0,0,47.06,0
Salon #### A,[ORG]?,Si gusta puede pasar al departamento de objetos extraviados para verificar si se encuentra su mochila.,"A chat between an individual reporting a safety concern to the local police department and a dispatcher from the police department. The dispatcher gives helpful and detailed guidance and instructions on how to proceed. The dispatcher is also supposed to give necessary emotional support to the citizen.

The user asks where they can find lost objects at a certain organization. The admin responds that they should be found in the office and offers to help. The user mentions losing a black backpack in a specific location and the admin suggests they visit the lost and found department during specific hours on weekdays and weekends. 
 User: [ORG], solo me preguntaba donde se [ORG] objetos perdidos?? Gracias
Dispatcher: [PERSON], en teoría se debe encontrar en la oficina 
 User: [PERSON] podemos apoyar en algo?
Dispatcher: Si, el otro día se me quedó en vinculación una mochila negra 
 User: Salon #### A
Dispatcher:","[['[ORG], solo me preguntaba donde se [ORG] objetos perdidos?? Gracias', '[PERSON], en teoría se debe encontrar en la oficina'], ['[PERSON] podemos apoyar en algo?', 'Si, el otro día se me quedó en vinculación una mochila negra']]",The user asks where they can find lost objects at a certain organization. The admin responds that they should be found in the office and offers to help. The user mentions losing a black backpack in a specific location and the admin suggests they visit the lost and found department during specific hours on weekdays and weekends.,1,1,,,,,1,0,100,0,0,0,0,0,0,0,0,0,0,0,0,0,0,0,0,0,0,0,0,0,0,0,0,0,0,0,0,0,0,0,0,0,0,0,0,0,0,0,0,0,0,0,0,0,0,0,0,0,0,0,0,0,0,0,0,0,0,0,0,0,100,0,0,100,0,0,0,0,0,0,0,0,0,0,0,0,0,0,0,0,0,0,0,0,0,0,0,0,0,0,0,0,0,0,0,0,0,0,0,0,0,300,0,0,100,0,0,200,0
Carpeta morada de plástico con papeles adentro última vez vista en el #### el miércoles en la tarde.,Hola [GPE],[GPE] tardes,"A chat between an individual reporting a safety concern to the local police department and a dispatcher from the police department. The dispatcher gives helpful and detailed guidance and instructions on how to proceed. The dispatcher is also supposed to give necessary emotional support to the citizen.

A user reports that a purple plastic folder with papers inside was last seen at a specific location on Wednesday afternoon. The admin responds, greeting the user and stating that no item matching that description has been reported. They promise to inform the user if they receive any reports. The user thanks them. 
 User: Carpeta morada de plástico con papeles adentro última vez vista en el #### el miércoles en la tarde.
Dispatcher:",[],"A user reports that a purple plastic folder with papers inside was last seen at a specific location on Wednesday afternoon. The admin responds, greeting the user and stating that no item matching that description has been reported. They promise to inform the user if they receive any reports. The user thanks them.",1,2,,,,,2,0,0,0,0,0,0,0,0,0,0,0,0,0,0,0,0,0,0,0,0,0,0,0,0,0,0,0,0,0,0,0,0,0,0,0,0,0,0,0,0,0,0,0,0,0,0,0,0,0,0,0,0,0,0,0,0,0,0,0,0,0,0,0,0,0,0,0,0,0,0,0,0,0,0,0,0,0,0,0,0,0,0,0,0,0,0,0,0,0,0,0,0,0,0,0,0,0,0,0,0,0,0,0,0,100,0,0,0,0,0,100,0
Voy para allá,[ORG] buena noche,la puedes encontrar después de las ##:##,"A chat between an individual reporting a safety concern to the local police department and a dispatcher from the police department. The dispatcher gives helpful and detailed guidance and instructions on how to proceed. The dispatcher is also supposed to give necessary emotional support to the citizen.

A user asks if their lost photo at a salon in UDEM Valle Alto has been found. The admin responds that they will inform them later. The user thanks them and the admin informs them that the photo has been found with the secretary and they can come to check if it is theirs. The secretary is currently in the fish tank area and the user confirms they will go there. The admin informs them that they can come after a certain time as the secretary is currently on lunch break. The user agrees. 
 User: [PERSON] foto en [ORG] salón #### de la udem valle alto, quería ver si está en [NORP] perdidas, se me perdió hace poco pero no me [PERSON]
Dispatcher: [GPE] tarde, en momento le informamos. 
 User: [ORG] gracias
Dispatcher: [GPE] tardes, nos informan se encuentra una con la secretaria [PERSON], si gusta pasar para revisar si es la de usted. 
 User: Ella se encuentra en el area de pecera
Dispatcher: [ORG] 
 User: Voy para allá
Dispatcher:","[['[PERSON] foto en [ORG] salón #### de la udem valle alto, quería ver si está en [NORP] perdidas, se me perdió hace poco pero no me [PERSON]', '[GPE] tarde, en momento le informamos.'], ['[ORG] gracias', '[GPE] tardes, nos informan se encuentra una con la secretaria [PERSON], si gusta pasar para revisar si es la de usted.'], ['Ella se encuentra en el area de pecera', '[ORG]']]",A user asks if their lost photo at a salon in UDEM Valle Alto has been found. The admin responds that they will inform them later. The user thanks them and the admin informs them that the photo has been found with the secretary and they can come to check if it is theirs. The secretary is currently in the fish tank area and the user confirms they will go there. The admin informs them that they can come after a certain time as the secretary is currently on lunch break. The user agrees.,1,3,,,,,3,0,33.33,0,0,0,0,0,0,0,0,0,0,0,0,0,0,0,0,0,0,0,0,0,0,0,0,0,0,0,0,0,0,0,0,0,0,0,0,0,0,0,0,0,0,0,0,0,0,0,0,0,0,0,0,0,0,0,0,0,0,0,0,0,33.33,0,0,33.33,0,0,0,0,0,0,0,0,0,0,0,0,0,0,0,0,0,0,0,0,0,0,0,0,0,0,0,0,0,0,0,0,0,0,0,0,0,66.67,0,0,0,0,0,66.67,0
